{
    "total_accuracy": 0.9647671568627451,
    "macro_avg": {
        "precision": 0.964927614605235,
        "recall": 0.9637491038408239,
        "f1-score": 0.9640571569062907,
        "support": 3264.0
    },
    "per_class": {
        "glioma": {
            "precision": 0.9775784753363229,
            "recall": 0.9416846652267818,
            "f1-score": 0.9592959295929593,
            "support": 926.0
        },
        "healthy": {
            "precision": 0.9579158316633266,
            "recall": 0.956,
            "f1-score": 0.9569569569569569,
            "support": 500.0
        },
        "meningioma": {
            "precision": 0.9332659251769464,
            "recall": 0.9850586979722519,
            "f1-score": 0.9584631360332295,
            "support": 937.0
        },
        "pituitary": {
            "precision": 0.9909502262443439,
            "recall": 0.9722530521642619,
            "f1-score": 0.9815126050420168,
            "support": 901.0
        }
    }
}