{"train_loss": [0.8957416432402066, 0.75332318810264, 0.732374636748797, 0.6777185049291267, 0.6552683459074313, 0.5938145029625463, 0.5947835079267297, 0.5748874495762784, 0.5654333136755616, 0.5789687086059853, 0.555530850585562, 0.5559393374753957, 0.5609622347042967, 0.5667807567571567, 0.5644326058570156], "val_loss": [0.5905437940078923, 0.4889207361664018, 0.5101799758050347, 0.4525727002305692, 0.48935735062762376, 0.44008434589877937, 0.3865695803497846, 0.41838645963184007, 0.45037968626691616, 0.43449711401089813, 0.42065347422529914, 0.3647748210979493, 0.4060822670000401, 0.4096854935822069, 0.40209544706888006], "train_acc": [0.6320754716981132, 0.7039871840512638, 0.7164471342114631, 0.740121039515842, 0.7520469918120327, 0.7766108935564258, 0.7718049127803489, 0.7865788536845852, 0.7935208259166964, 0.7796368814524742, 0.7896048415806337, 0.7851548593805625, 0.7899608401566394, 0.7851548593805625, 0.7815948736205055], "val_acc": [0.7649572649572649, 0.8276353276353277, 0.792022792022792, 0.8190883190883191, 0.7863247863247863, 0.8176638176638177, 0.8418803418803419, 0.8376068376068376, 0.8148148148148148, 0.8133903133903134, 0.8262108262108262, 0.8518518518518519, 0.8347578347578347, 0.8190883190883191, 0.8347578347578347], "lr": [0.0009890738003669028, 0.0009567727288213003, 0.0009045084971874737, 0.0008345653031794292, 0.00075, 8.726779962499651e-05, 7.363523088451025e-05, 5.969810244882313e-05, 4.606553370833686e-05, 3.3333333333333355e-05, 2.2057959576076143e-05, 1.2732200375003512e-05, 5.763636157159936e-06, 1.4568266177462878e-06, 0.0]}