{
    "total_accuracy": 0.6819852941176471,
    "total_precision": 0.6943503445062745,
    "total_recall": 0.6819852941176471,
    "total_f1_score": 0.6820684945851895,
    "per_class_metrics": {
        "glioma": {
            "precision": 0.6263552960800667,
            "recall": 0.8110151187904968,
            "f1-score": 0.7068235294117647,
            "support": 926.0
        },
        "healthy": {
            "precision": 0.7566909975669099,
            "recall": 0.622,
            "f1-score": 0.6827661909989023,
            "support": 500.0
        },
        "meningioma": {
            "precision": 0.5988888888888889,
            "recall": 0.575240128068303,
            "f1-score": 0.5868263473053892,
            "support": 937.0
        },
        "pituitary": {
            "precision": 0.8289124668435013,
            "recall": 0.6936736958934517,
            "f1-score": 0.7552870090634441,
            "support": 901.0
        }
    }
}