{
    "test_accuracy": 0.8605974395448079,
    "class_metrics": {
        "glioma": {
            "precision": 0.8819875776397516,
            "recall": 0.8765432098765432,
            "f1-score": 0.8792569659442725,
            "support": 162.0
        },
        "healthy": {
            "precision": 0.8733031674208145,
            "recall": 0.965,
            "f1-score": 0.9168646080760094,
            "support": 200.0
        },
        "meningioma": {
            "precision": 0.7777777777777778,
            "recall": 0.6787878787878788,
            "f1-score": 0.7249190938511327,
            "support": 165.0
        },
        "pituitary": {
            "precision": 0.8926553672316384,
            "recall": 0.8977272727272727,
            "f1-score": 0.8951841359773371,
            "support": 176.0
        }
    },
    "macro_avg": {
        "precision": 0.8564309725174956,
        "recall": 0.8545145903479237,
        "f1-score": 0.8540562009621879,
        "support": 703.0
    },
    "weighted_avg": {
        "precision": 0.8577287326143731,
        "recall": 0.8605974395448079,
        "f1-score": 0.857719215527201,
        "support": 703.0
    }
}