{"train_loss": [0.9242743216362149, 0.6426880220133624, 0.5859948936074006, 0.556300721609028, 0.5376504740179455, 0.5085196965060739, 0.516592734689261, 0.5322692237234744, 0.49866038301993454, 0.5070405782287594, 0.4913617502055842, 0.5100308139369173, 0.5015911478701754, 0.5059292384974682, 0.49275466413547153, 0.5059052926444124, 0.5063175172642823, 0.4988988866030257, 0.5054913859916522, 0.5030165716989815, 0.49899896144357686, 0.5015539137779839], "val_loss": [0.6597704128322438, 0.5324761701105667, 0.466314814708851, 0.45839687986591265, 0.5251644114058921, 0.42817643726313553, 0.4273509749999413, 0.4336813727335373, 0.43498753206512525, 0.4220074394829253, 0.426190596105706, 0.4015490352428197, 0.42612913106581424, 0.4351119142227363, 0.42673768446995664, 0.41718623407206307, 0.41150778183909903, 0.4254285045753517, 0.4185503381609577, 0.4169660912364976, 0.4301124926645871, 0.4196182143824053], "train_acc": [0.6610893556425774, 0.7671769312922748, 0.7890708437166252, 0.8013527945888217, 0.8008187967248132, 0.8143467426130295, 0.8100747597009612, 0.8040227839088644, 0.824314702741189, 0.8157707369170524, 0.8257386970452119, 0.8097187611249556, 0.8139907440370239, 0.8147027411890353, 0.819686721253115, 0.8148807404770381, 0.8152367390530438, 0.8195087219651122, 0.8182627269490922, 0.8131007475970096, 0.8237807048771805, 0.8145247419010324], "val_acc": [0.7535612535612536, 0.8091168091168092, 0.8162393162393162, 0.8376068376068376, 0.7792022792022792, 0.8247863247863247, 0.8162393162393162, 0.8219373219373219, 0.8262108262108262, 0.8190883190883191, 0.8262108262108262, 0.8319088319088319, 0.8148148148148148, 0.8133903133903134, 0.8304843304843305, 0.8319088319088319, 0.8276353276353277, 0.8262108262108262, 0.8247863247863247, 0.8333333333333334, 0.8190883190883191, 0.8276353276353277], "lr": [9.972609476841367e-05, 9.890738003669029e-05, 9.755282581475769e-05, 9.567727288213003e-05, 9.330127018922194e-05, 9.69449285473888e-06, 9.341484965543161e-06, 8.944843960718523e-06, 8.508915522116291e-06, 8.038475772933681e-06, 7.538678949508584e-06, 7.015000930427654e-06, 6.473179241654611e-06, 5.919150194995135e-06, 5.358983848622455e-06, 4.798817502249775e-06, 4.244788455590296e-06, 3.702966766817256e-06, 3.179288747736326e-06, 2.679491924311228e-06, 2.209052175128617e-06, 1.7731237365263856e-06]}