{
    "test_accuracy": 0.8648648648648649,
    "class_metrics": {
        "glioma": {
            "precision": 0.8903225806451613,
            "recall": 0.8518518518518519,
            "f1-score": 0.8706624605678234,
            "support": 162.0
        },
        "healthy": {
            "precision": 0.8778280542986425,
            "recall": 0.97,
            "f1-score": 0.9216152019002375,
            "support": 200.0
        },
        "meningioma": {
            "precision": 0.7755102040816326,
            "recall": 0.6909090909090909,
            "f1-score": 0.7307692307692307,
            "support": 165.0
        },
        "pituitary": {
            "precision": 0.9,
            "recall": 0.9204545454545454,
            "f1-score": 0.9101123595505618,
            "support": 176.0
        }
    },
    "macro_avg": {
        "precision": 0.8609152097563592,
        "recall": 0.858303872053872,
        "f1-score": 0.8582898131969634,
        "support": 703.0
    },
    "weighted_avg": {
        "precision": 0.8622433180621821,
        "recall": 0.8648648648648649,
        "f1-score": 0.8622006505687864,
        "support": 703.0
    }
}