{"train_loss": [0.7546623849113372, 0.6189099562129927, 0.5985768199518678, 0.561715716991445, 0.5399751640291306, 0.4875139388888703, 0.484070849295569, 0.48996286324947147, 0.46694331387261473, 0.4697044490176446, 0.4529238466203913, 0.46725900031443207, 0.4592247506654657, 0.464328215380248, 0.45729311733069306, 0.4598567309265843, 0.4597524609502926, 0.45244190507446075, 0.4588079957743054, 0.4575507691128053, 0.4549977498234443, 0.4499593608190089, 0.4577878980332738, 0.45234738372534183, 0.43826292358118685, 0.44988171669799437, 0.45823361131804574, 0.4383454132054615, 0.45337592684403566, 0.44499889668640863], "val_loss": [0.49768501464967374, 0.5079165746768316, 0.4228505919292102, 0.43500297760691736, 0.5100618054893961, 0.38787034187901054, 0.3852895764883427, 0.3887940385402777, 0.41095746338282557, 0.39879430779534525, 0.3842468465070779, 0.3710173814215212, 0.40896005028503235, 0.3990105706402379, 0.3845745764057181, 0.3743826556324619, 0.36753875794064284, 0.3707894863735916, 0.36306380677936423, 0.37011144893970926, 0.3746812242982734, 0.3660160238162065, 0.36804330378685923, 0.36512977232960214, 0.36527653127653986, 0.35978406637991933, 0.36679051867407614, 0.3923953932489765, 0.35717714669188205, 0.34776139951329627], "train_acc": [0.6990032039871841, 0.7682449270202919, 0.781060875756497, 0.7901388394446422, 0.7926308294766821, 0.8198647205411178, 0.8198647205411178, 0.8198647205411178, 0.8312566749733001, 0.8275186899252402, 0.8339266642933428, 0.8200427198291207, 0.824314702741189, 0.824314702741189, 0.8339266642933428, 0.8300106799572802, 0.8285866856532574, 0.829120683517266, 0.8280526877892489, 0.8225347098611605, 0.8333926664293343, 0.8300106799572802, 0.8303666785332858, 0.8317906728373087, 0.8314346742613029, 0.8355286578853685, 0.8282306870772517, 0.8355286578853685, 0.8284086863652546, 0.8365966536133855], "val_acc": [0.8005698005698005, 0.7977207977207977, 0.8603988603988604, 0.8247863247863247, 0.7806267806267806, 0.8418803418803419, 0.8418803418803419, 0.8490028490028491, 0.8376068376068376, 0.8390313390313391, 0.8475783475783476, 0.8518518518518519, 0.8333333333333334, 0.8390313390313391, 0.8490028490028491, 0.8518518518518519, 0.8490028490028491, 0.8504273504273504, 0.8475783475783476, 0.8561253561253561, 0.8490028490028491, 0.8561253561253561, 0.8475783475783476, 0.8490028490028491, 0.8518518518518519, 0.8532763532763533, 0.8547008547008547, 0.8347578347578347, 0.8532763532763533, 0.8618233618233618], "lr": [0.0009972609476841367, 0.0009890738003669028, 0.0009755282581475768, 0.0009567727288213003, 0.0009330127018922195, 9.69449285473888e-05, 9.341484965543161e-05, 8.944843960718524e-05, 8.50891552211629e-05, 8.03847577293368e-05, 7.538678949508584e-05, 7.015000930427653e-05, 6.47317924165461e-05, 5.919150194995135e-05, 5.358983848622455e-05, 4.798817502249774e-05, 4.244788455590295e-05, 3.702966766817255e-05, 3.179288747736325e-05, 2.6794919243112275e-05, 2.2090521751286164e-05, 1.773123736526385e-05, 1.3764827317017469e-05, 1.0234748425060284e-05, 7.179676972449079e-06, 4.6330849613334715e-06, 2.6228733866958847e-06, 1.1710665472118448e-06, 2.93570742424867e-07, 0.0]}