{
    "total_accuracy": 0.7086397058823529,
    "total_precision": 0.7089953169475298,
    "total_recall": 0.7086397058823529,
    "total_f1_score": 0.7081338607892329,
    "per_class_metrics": {
        "glioma": {
            "precision": 0.7169421487603306,
            "recall": 0.7494600431965442,
            "f1-score": 0.7328405491024287,
            "support": 926.0
        },
        "healthy": {
            "precision": 0.6702702702702703,
            "recall": 0.744,
            "f1-score": 0.70521327014218,
            "support": 500.0
        },
        "meningioma": {
            "precision": 0.6427758816837316,
            "recall": 0.6029882604055496,
            "f1-score": 0.6222466960352423,
            "support": 937.0
        },
        "pituitary": {
            "precision": 0.7911832946635731,
            "recall": 0.7569367369589345,
            "f1-score": 0.7736812251843449,
            "support": 901.0
        }
    }
}