{
    "test_accuracy": 0.8748221906116643,
    "class_metrics": {
        "glioma": {
            "precision": 0.8838709677419355,
            "recall": 0.845679012345679,
            "f1-score": 0.8643533123028391,
            "support": 162.0
        },
        "healthy": {
            "precision": 0.9107981220657277,
            "recall": 0.97,
            "f1-score": 0.9394673123486683,
            "support": 200.0
        },
        "meningioma": {
            "precision": 0.7814569536423841,
            "recall": 0.7151515151515152,
            "f1-score": 0.7468354430379747,
            "support": 165.0
        },
        "pituitary": {
            "precision": 0.9021739130434783,
            "recall": 0.9431818181818182,
            "f1-score": 0.9222222222222223,
            "support": 176.0
        }
    },
    "macro_avg": {
        "precision": 0.8695749891233815,
        "recall": 0.8685030864197532,
        "f1-score": 0.868219572477926,
        "support": 703.0
    },
    "weighted_avg": {
        "precision": 0.8720764256528942,
        "recall": 0.8748221906116643,
        "f1-score": 0.8726282479020919,
        "support": 703.0
    }
}