{"train_loss": [0.9021780493421544, 0.7585583125072342, 0.752108323601651, 0.6963678452946529, 0.6868366651706485, 0.6134807337599321, 0.6072412200481623, 0.5913218341611297, 0.574688585935941, 0.5953100763656525, 0.5783179397842306, 0.5696441820716892, 0.5720998616129871, 0.5790547938714379, 0.5789544976141666, 0.5649125715535321, 0.5770093278873853, 0.5699416518359899, 0.5746438764048963, 0.5641569982181032, 0.569504927394228, 0.575064737459823, 0.5564674620538812, 0.5507302829679454, 0.54837304430103, 0.557932226810221, 0.5692018113152418, 0.5539848067319958, 0.5508213626899172, 0.5494769417590287, 0.5354883409386727, 0.5596257534717571, 0.5426577667550881, 0.5458947100135176, 0.5442369699520587, 0.5365288444645848, 0.535741681304, 0.5474370059889804, 0.5283902356869897, 0.5314065485810758, 0.5282827058734738, 0.5412649529637625, 0.5267840430018486, 0.5437498106974306, 0.5301084903083098, 0.5373974759337231, 0.5413681741083759, 0.5331673334545303, 0.5177476997900026, 0.5298578228261727, 0.5458518639816937, 0.5413682798169693, 0.5279466931656104, 0.5218210041830658, 0.516145731592017, 0.5236104178912447, 0.5173422846878156, 0.5389754655056468, 0.5286522245557761, 0.5274619574211975], "val_loss": [0.6426270888571726, 0.5219230667032577, 0.5264052740613959, 0.4700016660292094, 0.42231699865725303, 0.4488688708678355, 0.39520311308892025, 0.42377886314613694, 0.44319628177216, 0.429237335368439, 0.4292958658294715, 0.38107871015866596, 0.42625523266247195, 0.42600182378054346, 0.3922744816078929, 0.40519377109767113, 0.3753580907916921, 0.38523058149634604, 0.3825591070513822, 0.36556439960317055, 0.3768874115690037, 0.40122213716647903, 0.40868149413077154, 0.36539365762467907, 0.39595593017475555, 0.410926145798609, 0.35965554737764543, 0.390886904467481, 0.3620698319647217, 0.3717596624099631, 0.36658425271468625, 0.4096336801061433, 0.35001641644584147, 0.39319503614334045, 0.3650852317452176, 0.3649366887610013, 0.37090055347072687, 0.39504892896977584, 0.360894188417541, 0.4011023342450205, 0.39738436326108595, 0.34795694579065184, 0.4027134827961694, 0.44046614966501196, 0.35488270385525167, 0.35753488093296176, 0.36824704168571365, 0.3650553458611722, 0.38362593062890643, 0.3657228680184254, 0.3616218507671968, 0.3772759067552679, 0.3414026180154875, 0.3735013691167164, 0.3857266352063528, 0.3766825462763126, 0.35714965552739014, 0.43235665629551534, 0.3340310450813115, 0.3771046901710777], "train_acc": [0.6310074759700961, 0.702563189747241, 0.7100391598433606, 0.7260590957636169, 0.742435030259879, 0.7652189391242435, 0.7669989320042719, 0.7773228907084372, 0.7908508365966536, 0.77750088999644, 0.783374866500534, 0.7830188679245284, 0.7872908508365967, 0.7783908864364543, 0.7767888928444286, 0.7896048415806337, 0.7760768956924172, 0.7864008543965824, 0.7801708793164828, 0.7860448558205767, 0.7858668565325738, 0.7847988608045567, 0.7933428266286935, 0.786934852260591, 0.793876824492702, 0.7924528301886793, 0.7830188679245284, 0.7906728373086508, 0.7885368458526166, 0.7922748309006764, 0.8029547881808473, 0.7896048415806337, 0.7961908152367391, 0.7993948024207903, 0.7970808116767533, 0.796368814524742, 0.8029547881808473, 0.7986828052687789, 0.7992168031327874, 0.7977928088287647, 0.7981488074047703, 0.7981488074047703, 0.7940548237807049, 0.7961908152367391, 0.8008187967248132, 0.8013527945888217, 0.7944108223567106, 0.7976148095407618, 0.8002847988608045, 0.8034887860448559, 0.797436810252759, 0.7954788180847276, 0.7993948024207903, 0.80562477750089, 0.7999288002847988, 0.8045567817728729, 0.8106087575649698, 0.7965468138127447, 0.8008187967248132, 0.7976148095407618], "val_acc": [0.7364672364672364, 0.8105413105413105, 0.7934472934472935, 0.8062678062678063, 0.8433048433048433, 0.8176638176638177, 0.8490028490028491, 0.8433048433048433, 0.8233618233618234, 0.8290598290598291, 0.8361823361823362, 0.8461538461538461, 0.8290598290598291, 0.8233618233618234, 0.8461538461538461, 0.8433048433048433, 0.8475783475783476, 0.8447293447293447, 0.8504273504273504, 0.8490028490028491, 0.8404558404558404, 0.8418803418803419, 0.8361823361823362, 0.8504273504273504, 0.8475783475783476, 0.8205128205128205, 0.8447293447293447, 0.8518518518518519, 0.8547008547008547, 0.8490028490028491, 0.8575498575498576, 0.8290598290598291, 0.8603988603988604, 0.8547008547008547, 0.8532763532763533, 0.8475783475783476, 0.8475783475783476, 0.8304843304843305, 0.8575498575498576, 0.8390313390313391, 0.8361823361823362, 0.8547008547008547, 0.8304843304843305, 0.8219373219373219, 0.8561253561253561, 0.8618233618233618, 0.8504273504273504, 0.8618233618233618, 0.8390313390313391, 0.8504273504273504, 0.8589743589743589, 0.8504273504273504, 0.8618233618233618, 0.8589743589743589, 0.8418803418803419, 0.8447293447293447, 0.8589743589743589, 0.8347578347578347, 0.8660968660968661, 0.8518518518518519], "lr": [0.0009993147673772868, 0.0009972609476841365, 0.0009938441702975688, 0.0009890738003669028, 0.0009829629131445341, 9.92436484736567e-05, 9.835469887218876e-05, 9.73355877446637e-05, 9.618910840384452e-05, 9.49184032699136e-05, 9.352695525731739e-05, 9.201857822834009e-05, 9.03974065395721e-05, 8.866788370992607e-05, 8.683475024126042e-05, 8.49030306249932e-05, 8.287801957032044e-05, 8.076526749178616e-05, 7.857056529598206e-05, 7.629992850907495e-05, 7.395958078866772e-05, 7.155593686518644e-05, 6.90955849595501e-05, 6.65852687253151e-05, 6.403186876478954e-05, 6.144238376978057e-05, 5.882391133866663e-05, 5.618362852237358e-05, 5.352877215257708e-05, 5.0866619006049974e-05, 4.820446585952285e-05, 4.5549609489726355e-05, 4.29093266734333e-05, 4.029085424231934e-05, 3.7701369247310385e-05, 3.514796928678483e-05, 3.2637653052549835e-05, 3.017730114691351e-05, 2.777365722343221e-05, 2.543330950302499e-05, 2.3162672716117887e-05, 2.096797052031378e-05, 1.8855218441779515e-05, 1.6830207387106745e-05, 1.4898487770839514e-05, 1.3065354302173869e-05, 1.1335831472527835e-05, 9.71465978375985e-06, 8.206282754782544e-06, 6.814834742186338e-06, 5.5441296082554175e-06, 4.397650267436224e-06, 3.3785391399111696e-06, 2.4895895384432394e-06, 1.7332380120999253e-06, 1.1115576678415915e-06, 6.262524882793844e-07, 2.786526611773145e-07, 6.971093350012556e-08, 0.0]}