{
    "total_accuracy": 0.9666053921568627,
    "macro_avg": {
        "precision": 0.9683776817138021,
        "recall": 0.9678686696654544,
        "f1-score": 0.9674199372512532,
        "support": 3264.0
    },
    "per_class": {
        "glioma": {
            "precision": 0.9884259259259259,
            "recall": 0.9222462203023758,
            "f1-score": 0.9541899441340782,
            "support": 926.0
        },
        "healthy": {
            "precision": 0.9664031620553359,
            "recall": 0.978,
            "f1-score": 0.9721669980119284,
            "support": 500.0
        },
        "meningioma": {
            "precision": 0.9220907297830375,
            "recall": 0.9978655282817502,
            "f1-score": 0.9584828293182983,
            "support": 937.0
        },
        "pituitary": {
            "precision": 0.9965909090909091,
            "recall": 0.9733629300776915,
            "f1-score": 0.9848399775407075,
            "support": 901.0
        }
    }
}