{"train_loss": [0.8957416432402066, 0.7585485037343279, 0.7385835758771452, 0.6825314565416162, 0.6715821955776079, 0.6029653012667656, 0.5966870359156046, 0.57952076695321, 0.5682761411346037, 0.5831971430256512, 0.5650796175384997, 0.5581895024878735, 0.5642973238057877, 0.5705604208729453, 0.5681270143980656, 0.5601363855511237, 0.5746309006392383, 0.5632971500737168, 0.5678004783406806, 0.5546712631239675, 0.5618857791114846, 0.5722789367499747, 0.5503036150116647, 0.5426027008268323, 0.5451467586353013, 0.5591661960852023, 0.5664977385039515, 0.5561213531913007, 0.5503254612173717, 0.55220253192135], "val_loss": [0.5905437940078923, 0.5222357340539113, 0.4877211590990042, 0.5198988432430813, 0.49500665293895024, 0.4530193151646105, 0.39127262984734146, 0.413923834108262, 0.4379266800273985, 0.44003049007210976, 0.417047287119908, 0.3704820724729544, 0.42435093487525344, 0.42650734929585477, 0.40438109845124676, 0.4074061121765068, 0.37267625216193007, 0.379915565820119, 0.36884384794940805, 0.36468145603372415, 0.397589814671424, 0.39915784212768585, 0.40573004489111847, 0.3720774256764908, 0.3960768747437968, 0.4014702263763148, 0.38068882885662325, 0.4311210989296712, 0.35740737886064583, 0.36599222644685936], "train_acc": [0.6320754716981132, 0.6957992168031328, 0.7139551441794233, 0.740121039515842, 0.7497330010679957, 0.7668209327162692, 0.7734069063723745, 0.7831968672125311, 0.7936988252046991, 0.7826628693485226, 0.7899608401566394, 0.7894268422926308, 0.7851548593805625, 0.7878248487006052, 0.7819508721965112, 0.7949448202207191, 0.7835528657885369, 0.7919188323246708, 0.7865788536845852, 0.7901388394446422, 0.7872908508365967, 0.7858668565325738, 0.7949448202207191, 0.7885368458526166, 0.7986828052687789, 0.7919188323246708, 0.7844428622285511, 0.7924528301886793, 0.7910288358846564, 0.7874688501245996], "val_acc": [0.7649572649572649, 0.8105413105413105, 0.8048433048433048, 0.7905982905982906, 0.7877492877492878, 0.8133903133903134, 0.8404558404558404, 0.8390313390313391, 0.8219373219373219, 0.8091168091168092, 0.8347578347578347, 0.8461538461538461, 0.8276353276353277, 0.8205128205128205, 0.8418803418803419, 0.8304843304843305, 0.8461538461538461, 0.8433048433048433, 0.8547008547008547, 0.8447293447293447, 0.8333333333333334, 0.8404558404558404, 0.8304843304843305, 0.8418803418803419, 0.8319088319088319, 0.8276353276353277, 0.8447293447293447, 0.8133903133903134, 0.8561253561253561, 0.8461538461538461], "lr": [0.0009972609476841367, 0.0009890738003669028, 0.0009755282581475768, 0.0009567727288213003, 0.0009330127018922195, 9.69449285473888e-05, 9.341484965543161e-05, 8.944843960718524e-05, 8.50891552211629e-05, 8.03847577293368e-05, 7.538678949508584e-05, 7.015000930427653e-05, 6.47317924165461e-05, 5.919150194995135e-05, 5.358983848622455e-05, 4.798817502249774e-05, 4.244788455590295e-05, 3.702966766817255e-05, 3.179288747736325e-05, 2.6794919243112275e-05, 2.2090521751286164e-05, 1.773123736526385e-05, 1.3764827317017469e-05, 1.0234748425060284e-05, 7.179676972449079e-06, 4.6330849613334715e-06, 2.6228733866958847e-06, 1.1710665472118448e-06, 2.93570742424867e-07, 0.0]}