{
    "total_accuracy": 0.8832720588235294,
    "macro_avg": {
        "precision": 0.8745534954028632,
        "recall": 0.8915867041302066,
        "f1-score": 0.8779382640375651,
        "support": 3264.0
    },
    "per_class": {
        "glioma": {
            "precision": 0.8705882352941177,
            "recall": 0.8790496760259179,
            "f1-score": 0.8747984954325632,
            "support": 926.0
        },
        "healthy": {
            "precision": 0.7383177570093458,
            "recall": 0.948,
            "f1-score": 0.830122591943958,
            "support": 500.0
        },
        "meningioma": {
            "precision": 0.9343629343629344,
            "recall": 0.7748132337246532,
            "f1-score": 0.8471411901983664,
            "support": 937.0
        },
        "pituitary": {
            "precision": 0.954945054945055,
            "recall": 0.9644839067702553,
            "f1-score": 0.9596907785753728,
            "support": 901.0
        }
    }
}