{
    "test_accuracy": 0.9046941678520626,
    "class_metrics": {
        "glioma": {
            "precision": 0.9574468085106383,
            "recall": 0.8333333333333334,
            "f1-score": 0.8910891089108911,
            "support": 162.0
        },
        "healthy": {
            "precision": 0.9502487562189055,
            "recall": 0.955,
            "f1-score": 0.9526184538653366,
            "support": 200.0
        },
        "meningioma": {
            "precision": 0.776595744680851,
            "recall": 0.8848484848484849,
            "f1-score": 0.8271954674220963,
            "support": 165.0
        },
        "pituitary": {
            "precision": 0.9479768786127167,
            "recall": 0.9318181818181818,
            "f1-score": 0.9398280802292264,
            "support": 176.0
        }
    },
    "macro_avg": {
        "precision": 0.9080670470057779,
        "recall": 0.90125,
        "f1-score": 0.9026827776068875,
        "support": 703.0
    },
    "weighted_avg": {
        "precision": 0.910580885818895,
        "recall": 0.9046941678520626,
        "f1-score": 0.9057996026481101,
        "support": 703.0
    }
}