{"train_loss": [0.6581593755832895, 0.5057310384760212, 0.48134870083996645, 0.4247911663910977, 0.39388753847746544, 0.351522989801853, 0.33531659139182995, 0.34795028285311397, 0.32054252981418135, 0.33139894657624747, 0.3184122938030171, 0.3160769091929011, 0.31206089517598307, 0.3255838320831592, 0.30831471230899704, 0.3100459986774469, 0.31762694060569047, 0.312076059974738, 0.31062211133950796, 0.3036596877755708, 0.29398926618303767, 0.2993783677608868, 0.3070677707376918, 0.301531304500204, 0.29588407593165567, 0.30141352047568837, 0.2985009512111104, 0.29565701132654165, 0.2960849723153031, 0.29331974550450385], "val_loss": [0.3788575381889642, 0.3443347719150391, 0.3133590234777866, 0.293455800397104, 0.33578206513851794, 0.24599320193131766, 0.2463660169276077, 0.2522126143729245, 0.24794075512818123, 0.24809921095598797, 0.24260507269292816, 0.2388178446141743, 0.2414658266594607, 0.24345547519093566, 0.2349501563358171, 0.23394479144078034, 0.2320197522427961, 0.23538841863303442, 0.23323028120729658, 0.22857043516432118, 0.23000851560097474, 0.22778585105285346, 0.22996976122557267, 0.22983455023279897, 0.2272939441720305, 0.2270466981832458, 0.22842570228709114, 0.23285117486433426, 0.23184789850925788, 0.22649188197491177], "train_acc": [0.7504449982200071, 0.8147027411890353, 0.8209327162691349, 0.8387326450694197, 0.8558205767176932, 0.8720185119259523, 0.8757564969740121, 0.8755784976860093, 0.8796724813100748, 0.8745105019579922, 0.8834104663581346, 0.8825204699181203, 0.882876468494126, 0.8823424706301175, 0.8846564613741545, 0.8853684585261659, 0.8800284798860805, 0.8898184407262371, 0.8848344606621573, 0.8867924528301887, 0.892310430758277, 0.8873264506941972, 0.8846564613741545, 0.8915984336062656, 0.88875044499822, 0.8896404414382343, 0.88875044499822, 0.8899964400142399, 0.8919544321822712, 0.8891064435742257], "val_acc": [0.8618233618233618, 0.8746438746438746, 0.8917378917378918, 0.8931623931623932, 0.8717948717948718, 0.9145299145299145, 0.915954415954416, 0.905982905982906, 0.9145299145299145, 0.9088319088319088, 0.9202279202279202, 0.9173789173789174, 0.9188034188034188, 0.9202279202279202, 0.9216524216524217, 0.9216524216524217, 0.9230769230769231, 0.9216524216524217, 0.9216524216524217, 0.9216524216524217, 0.9188034188034188, 0.9202279202279202, 0.9202279202279202, 0.9173789173789174, 0.9216524216524217, 0.9202279202279202, 0.9216524216524217, 0.9230769230769231, 0.9202279202279202, 0.9202279202279202], "lr": [0.0009972609476841367, 0.0009890738003669028, 0.0009755282581475768, 0.0009567727288213003, 0.0009330127018922195, 9.69449285473888e-05, 9.341484965543161e-05, 8.944843960718524e-05, 8.50891552211629e-05, 8.03847577293368e-05, 7.538678949508584e-05, 7.015000930427653e-05, 6.47317924165461e-05, 5.919150194995135e-05, 5.358983848622455e-05, 4.798817502249774e-05, 4.244788455590295e-05, 3.702966766817255e-05, 3.179288747736325e-05, 2.6794919243112275e-05, 2.2090521751286164e-05, 1.773123736526385e-05, 1.3764827317017469e-05, 1.0234748425060284e-05, 7.179676972449079e-06, 4.6330849613334715e-06, 2.6228733866958847e-06, 1.1710665472118448e-06, 2.93570742424867e-07, 0.0]}