{
    "total_accuracy": 0.22426470588235295,
    "per_class_metrics": {
        "glioma": {
            "precision": 0.0,
            "recall": 0.0,
            "f1-score": 0.0,
            "support": 926.0
        },
        "healthy": {
            "precision": 0.16345017723513194,
            "recall": 0.83,
            "f1-score": 0.27311615663047056,
            "support": 500.0
        },
        "meningioma": {
            "precision": 0.3234714003944773,
            "recall": 0.17502668089647813,
            "f1-score": 0.22714681440443213,
            "support": 937.0
        },
        "pituitary": {
            "precision": 0.7018348623853211,
            "recall": 0.16981132075471697,
            "f1-score": 0.2734584450402145,
            "support": 901.0
        }
    }
}