{
    "total_accuracy": 0.9742647058823529,
    "macro_avg": {
        "precision": 0.9727234927721622,
        "recall": 0.9764539808551452,
        "f1-score": 0.9740816359285613,
        "support": 3264.0
    },
    "per_class": {
        "glioma": {
            "precision": 0.9943052391799544,
            "recall": 0.9427645788336934,
            "f1-score": 0.967849223946785,
            "support": 926.0
        },
        "healthy": {
            "precision": 0.9502868068833652,
            "recall": 0.994,
            "f1-score": 0.9716520039100685,
            "support": 500.0
        },
        "meningioma": {
            "precision": 0.9463019250253293,
            "recall": 0.9967982924226254,
            "f1-score": 0.9708939708939709,
            "support": 937.0
        },
        "pituitary": {
            "precision": 1.0,
            "recall": 0.9722530521642619,
            "f1-score": 0.9859313449634215,
            "support": 901.0
        }
    }
}