{"train_loss": [0.9337946686849937, 0.824796365859798, 0.8258276169051391, 0.7936268984613659, 0.7883392386523037, 0.6712824923897095, 0.6727125488722948, 0.66187423138739, 0.6346528753664792, 0.6588595161004268, 0.6306605801415978, 0.6211442261053685, 0.6289800064510279, 0.6338974866059889, 0.6274486591846504, 0.611779004218698, 0.6264502522083057, 0.6225397025893786, 0.6253175501850586, 0.6230575886749635, 0.6229646542756402, 0.6294607327221211, 0.6081823202353349, 0.6047195405372736, 0.5970018844177563, 0.6218743204073195, 0.6257748192805503, 0.6027254761114117, 0.6088098857529268, 0.6072779855044044, 0.5825717222779703, 0.6112358470899264, 0.59296292783782, 0.6035413148246994, 0.5937388778772589, 0.5922976389988838, 0.5904711203224594, 0.6036120834151975, 0.5843173305667478, 0.5843574425299085, 0.5887912630971194, 0.5961896152566786, 0.5885329396434422, 0.5852447459126079, 0.583403647773501, 0.5865200635439648, 0.5889193660723183, 0.5884394402121386, 0.5700735524270236, 0.5817689983901625, 0.5934294636201163, 0.5972755825755095, 0.5854703319925734, 0.5743541640079332, 0.5706625748737378, 0.5736905406403261, 0.5704004162250782, 0.5916370467364724, 0.5765722423325064, 0.5829900722670869], "val_loss": [0.7725402253475624, 0.5794431316716718, 0.5456636534881728, 0.5790511702964788, 0.5070437362093871, 0.5026729214310306, 0.44644804922943443, 0.47171411217532605, 0.48265514953693434, 0.4684498040085165, 0.47621555085110867, 0.43667931270989935, 0.46547466796687526, 0.47802490757995864, 0.4312841712452068, 0.44027520546376536, 0.42073351418615407, 0.432263587890697, 0.43078288662000597, 0.41494125743367394, 0.4271498384044381, 0.4285118773452237, 0.45056671967618483, 0.41458923227427014, 0.452573146384496, 0.45507990771591494, 0.40632199827167725, 0.4083300916175557, 0.4216647912082169, 0.4172810194244412, 0.42360341743144214, 0.4565175888884781, 0.3916434860254964, 0.42323356199256035, 0.41340285482314915, 0.4091754473342515, 0.4296736113536052, 0.45695871871463595, 0.39692536798807293, 0.4381347395946667, 0.44917239257243285, 0.39473021493168636, 0.45071471203383895, 0.4801488846773945, 0.40395687034411987, 0.40184171579544703, 0.4260781119734134, 0.41734095721205755, 0.43495478572329227, 0.4172054550841323, 0.4078726824532207, 0.4376604339357285, 0.3843617212037925, 0.4259122552037069, 0.4332727629510935, 0.42819153253211933, 0.40423455480963755, 0.48584084953592716, 0.3810096771968396, 0.42791930191282535], "train_acc": [0.6203275186899252, 0.6783552865788537, 0.6819152723389107, 0.6901032395870417, 0.6945532217871129, 0.7491990032039871, 0.74937700249199, 0.7559629761480954, 0.771626913492346, 0.757564969740121, 0.7712709149163404, 0.769312922748309, 0.7666429334282663, 0.7621929512281951, 0.7629049483802065, 0.7714489142043431, 0.7650409398362407, 0.7725169099323602, 0.7669989320042719, 0.7662869348522606, 0.7677109291562834, 0.769312922748309, 0.77750088999644, 0.7725169099323602, 0.7778568885724457, 0.7691349234603062, 0.7636169455322178, 0.7762548949804201, 0.769312922748309, 0.7730509077963689, 0.7883588465646137, 0.7780348878604486, 0.7794588821644713, 0.7796368814524742, 0.7776788892844428, 0.7757208971164116, 0.7849768600925596, 0.7721609113563546, 0.7819508721965112, 0.7812388750444998, 0.7771448914204343, 0.7783908864364543, 0.7824848700605198, 0.7858668565325738, 0.7807048771804913, 0.7824848700605198, 0.7771448914204343, 0.7815948736205055, 0.7851548593805625, 0.7858668565325738, 0.7812388750444998, 0.7799928800284799, 0.7783908864364543, 0.7878248487006052, 0.7876468494126023, 0.7888928444286223, 0.7919188323246708, 0.775186899252403, 0.7860448558205767, 0.7801708793164828], "val_acc": [0.6794871794871795, 0.7720797720797721, 0.7962962962962963, 0.7877492877492878, 0.8076923076923077, 0.8048433048433048, 0.8390313390313391, 0.8304843304843305, 0.8148148148148148, 0.8205128205128205, 0.8262108262108262, 0.8247863247863247, 0.8091168091168092, 0.8233618233618234, 0.8418803418803419, 0.8404558404558404, 0.8404558404558404, 0.8361823361823362, 0.8390313390313391, 0.8404558404558404, 0.8390313390313391, 0.8447293447293447, 0.8247863247863247, 0.8390313390313391, 0.8176638176638177, 0.8148148148148148, 0.8347578347578347, 0.8547008547008547, 0.8333333333333334, 0.8404558404558404, 0.8304843304843305, 0.8176638176638177, 0.8532763532763533, 0.8433048433048433, 0.8347578347578347, 0.8404558404558404, 0.8219373219373219, 0.8091168091168092, 0.8490028490028491, 0.8219373219373219, 0.8205128205128205, 0.8404558404558404, 0.811965811965812, 0.8005698005698005, 0.8361823361823362, 0.8490028490028491, 0.8376068376068376, 0.8433048433048433, 0.8276353276353277, 0.8361823361823362, 0.8518518518518519, 0.8247863247863247, 0.8475783475783476, 0.8404558404558404, 0.8233618233618234, 0.8290598290598291, 0.8518518518518519, 0.8062678062678063, 0.8490028490028491, 0.8361823361823362], "lr": [0.0009993147673772868, 0.0009972609476841365, 0.0009938441702975688, 0.0009890738003669028, 0.0009829629131445341, 9.92436484736567e-05, 9.835469887218876e-05, 9.73355877446637e-05, 9.618910840384452e-05, 9.49184032699136e-05, 9.352695525731739e-05, 9.201857822834009e-05, 9.03974065395721e-05, 8.866788370992607e-05, 8.683475024126042e-05, 8.49030306249932e-05, 8.287801957032044e-05, 8.076526749178616e-05, 7.857056529598206e-05, 7.629992850907495e-05, 7.395958078866772e-05, 7.155593686518644e-05, 6.90955849595501e-05, 6.65852687253151e-05, 6.403186876478954e-05, 6.144238376978057e-05, 5.882391133866663e-05, 5.618362852237358e-05, 5.352877215257708e-05, 5.0866619006049974e-05, 4.820446585952285e-05, 4.5549609489726355e-05, 4.29093266734333e-05, 4.029085424231934e-05, 3.7701369247310385e-05, 3.514796928678483e-05, 3.2637653052549835e-05, 3.017730114691351e-05, 2.777365722343221e-05, 2.543330950302499e-05, 2.3162672716117887e-05, 2.096797052031378e-05, 1.8855218441779515e-05, 1.6830207387106745e-05, 1.4898487770839514e-05, 1.3065354302173869e-05, 1.1335831472527835e-05, 9.71465978375985e-06, 8.206282754782544e-06, 6.814834742186338e-06, 5.5441296082554175e-06, 4.397650267436224e-06, 3.3785391399111696e-06, 2.4895895384432394e-06, 1.7332380120999253e-06, 1.1115576678415915e-06, 6.262524882793844e-07, 2.786526611773145e-07, 6.971093350012556e-08, 0.0]}