{
    "total_accuracy": 0.6917892156862745,
    "total_precision": 0.6936502802490332,
    "total_recall": 0.6917892156862745,
    "total_f1_score": 0.6912402792369988,
    "per_class_metrics": {
        "glioma": {
            "precision": 0.6875,
            "recall": 0.7840172786177105,
            "f1-score": 0.7325933400605449,
            "support": 926.0
        },
        "healthy": {
            "precision": 0.7108167770419426,
            "recall": 0.644,
            "f1-score": 0.6757607555089192,
            "support": 500.0
        },
        "meningioma": {
            "precision": 0.6095444685466378,
            "recall": 0.5997865528281751,
            "f1-score": 0.6046261430876816,
            "support": 937.0
        },
        "pituitary": {
            "precision": 0.7779111644657863,
            "recall": 0.7192008879023307,
            "f1-score": 0.7474048442906575,
            "support": 901.0
        }
    }
}