{
    "total_accuracy": 0.9699754901960784,
    "macro_avg": {
        "precision": 0.9673410017235939,
        "recall": 0.9720608592653821,
        "f1-score": 0.9692762769105184,
        "support": 3264.0
    },
    "per_class": {
        "glioma": {
            "precision": 0.9874572405929305,
            "recall": 0.9352051835853131,
            "f1-score": 0.9606211869107044,
            "support": 926.0
        },
        "healthy": {
            "precision": 0.9391634980988594,
            "recall": 0.988,
            "f1-score": 0.9629629629629629,
            "support": 500.0
        },
        "meningioma": {
            "precision": 0.9506172839506173,
            "recall": 0.9861259338313767,
            "f1-score": 0.9680460974332111,
            "support": 937.0
        },
        "pituitary": {
            "precision": 0.9921259842519685,
            "recall": 0.978912319644839,
            "f1-score": 0.9854748603351955,
            "support": 901.0
        }
    }
}