{"train_loss": [1.2941612695917704, 0.8628825412903361, 0.8552017250957333, 0.8248305568155253, 0.8226230594983683, 0.7707512790768882, 0.72755747333291, 0.7287962776182724, 0.6981384595461526, 0.7049016052291418, 0.6856934155760901, 0.6975080350744804, 0.7037872285679933, 0.6993606935705142, 0.6749047338219885, 0.6981519395110869, 0.7009576440663812, 0.68870431074429, 0.6696699332537368, 0.6748778305685194, 0.6787137243407356, 0.6771740033007806, 0.7110355064172089, 0.6773243488981954, 0.6769306771735697, 0.6675810878622273, 0.690981129175745, 0.6560726562145555], "val_loss": [0.6949261380226863, 0.5447489786521662, 0.7015938444694563, 0.6269320232576114, 0.6660249524688788, 0.47103430186411593, 0.4711576821202906, 0.4665513036088047, 0.48588329203363156, 0.4552531942852542, 0.4505691713841892, 0.4588677480264946, 0.4773733800547755, 0.472906319907418, 0.46140525101596475, 0.44083058689734195, 0.4347956655626623, 0.4316540871590291, 0.43171813268946785, 0.45361916483127834, 0.46143886374781956, 0.43521927063621346, 0.4512981854782485, 0.4331415437819951, 0.4345907782472437, 0.43356072541825114, 0.4334524096416952, 0.4578311170353169], "train_acc": [0.5859736561053756, 0.6251334994660022, 0.6356354574581702, 0.6420434318262727, 0.6516553933784265, 0.6715913136347454, 0.7045211819152724, 0.7109291562833748, 0.7280170879316483, 0.7308650765396938, 0.7429690281238875, 0.7223211107155572, 0.7223211107155572, 0.7265930936276255, 0.7420790316838732, 0.7280170879316483, 0.7344250622997508, 0.7392310430758277, 0.7362050551797793, 0.7390530437878249, 0.7399430402278391, 0.741189035243859, 0.7221431114275543, 0.7378070487718049, 0.7383410466358135, 0.7431470274118903, 0.737629049483802, 0.7579209683161268], "val_acc": [0.7350427350427351, 0.7663817663817664, 0.792022792022792, 0.8162393162393162, 0.7193732193732194, 0.8347578347578347, 0.8390313390313391, 0.8319088319088319, 0.8247863247863247, 0.8418803418803419, 0.8447293447293447, 0.8333333333333334, 0.8404558404558404, 0.8205128205128205, 0.8304843304843305, 0.8532763532763533, 0.8418803418803419, 0.8447293447293447, 0.8418803418803419, 0.8376068376068376, 0.8347578347578347, 0.8418803418803419, 0.8347578347578347, 0.8390313390313391, 0.8361823361823362, 0.8490028490028491, 0.8461538461538461, 0.8290598290598291], "lr": [0.009972609476841367, 0.009890738003669028, 0.009755282581475769, 0.009567727288213004, 0.009330127018922194, 0.000969449285473888, 0.0009341484965543161, 0.0008944843960718524, 0.0008508915522116291, 0.000803847577293368, 0.0007538678949508583, 0.0007015000930427652, 0.000647317924165461, 0.0005919150194995134, 0.0005358983848622454, 0.00047988175022497734, 0.0004244788455590295, 0.00037029667668172546, 0.0003179288747736325, 0.00026794919243112276, 0.00022090521751286164, 0.0001773123736526385, 0.0001376482731701747, 0.00010234748425060285, 7.17967697244908e-05, 4.633084961333472e-05, 2.622873386695885e-05, 1.1710665472118449e-05]}