{
    "total_accuracy": 0.9751838235294118,
    "macro_avg": {
        "precision": 0.9744075269999206,
        "recall": 0.9772863892902174,
        "f1-score": 0.9754088124276202,
        "support": 3264.0
    },
    "per_class": {
        "glioma": {
            "precision": 0.9954389965792474,
            "recall": 0.9427645788336934,
            "f1-score": 0.9683860232945092,
            "support": 926.0
        },
        "healthy": {
            "precision": 0.9594594594594594,
            "recall": 0.994,
            "f1-score": 0.9764243614931237,
            "support": 500.0
        },
        "meningioma": {
            "precision": 0.947261663286004,
            "recall": 0.9967982924226254,
            "f1-score": 0.9713988559542381,
            "support": 937.0
        },
        "pituitary": {
            "precision": 0.9954699886749717,
            "recall": 0.9755826859045506,
            "f1-score": 0.9854260089686099,
            "support": 901.0
        }
    }
}