{
    "test_accuracy": 0.883357041251778,
    "class_metrics": {
        "glioma": {
            "precision": 0.8947368421052632,
            "recall": 0.8395061728395061,
            "f1-score": 0.8662420382165605,
            "support": 162.0
        },
        "healthy": {
            "precision": 0.9027777777777778,
            "recall": 0.975,
            "f1-score": 0.9375,
            "support": 200.0
        },
        "meningioma": {
            "precision": 0.7730061349693251,
            "recall": 0.7636363636363637,
            "f1-score": 0.7682926829268293,
            "support": 165.0
        },
        "pituitary": {
            "precision": 0.9534883720930233,
            "recall": 0.9318181818181818,
            "f1-score": 0.9425287356321839,
            "support": 176.0
        }
    },
    "macro_avg": {
        "precision": 0.8810022817363473,
        "recall": 0.8774901795735128,
        "f1-score": 0.8786408641938934,
        "support": 703.0
    },
    "weighted_avg": {
        "precision": 0.8831620053128293,
        "recall": 0.883357041251778,
        "f1-score": 0.8826238411739318,
        "support": 703.0
    }
}