{"train_loss": [0.8957416432402066, 0.7559908037615993, 0.7387508472627319, 0.689460781353485, 0.6702864544168406, 0.5999551517613717, 0.5978495621222879, 0.5832289580498441, 0.5700735812957026, 0.5852962477578944, 0.5627216052578284, 0.560038109618644, 0.5657288473180369, 0.5722244560463906, 0.5717980080851459, 0.5592050698196901, 0.5721663628005608, 0.5662742093624531, 0.5691175930024297, 0.5555133274459635, 0.5631511042702873, 0.5677613363057195, 0.5515283850237499, 0.5380122918342517, 0.5436022845121752, 0.5534117608127241, 0.5565258532858014, 0.5500851177148608, 0.5416780446413022, 0.5405941688853169, 0.527148654862798, 0.5493680463089939, 0.5320776067634374, 0.5405054063124773, 0.5363606353508871, 0.5231836750312987, 0.5244204509657191, 0.5374567611133046, 0.5184054634735736, 0.5225342573241943, 0.516553353975786, 0.5359934223911949, 0.5198338020522639, 0.5292619528847684, 0.5203412253689452, 0.5257070148254298, 0.5310503607566096, 0.5189730815878539, 0.5015278699114553, 0.5112152053192444, 0.5317128660225622, 0.527925329022282, 0.514618867405499, 0.5049562240811843, 0.5029499438594949, 0.5063267832243302, 0.5030890655299021, 0.5163918571323209, 0.5089358303068625, 0.5077248922963293, 0.5044801209152445, 0.48834962327790543, 0.5087645910216124, 0.5225232270008816, 0.49197449473861105, 0.4965495669882083, 0.5121334917755813, 0.503434171357075, 0.49895309792395887, 0.49887407688048013, 0.5008219590960299, 0.5082134483027347, 0.49279565274206166, 0.5011248395255385, 0.5023756429802357, 0.49449476488292665, 0.5037839812723586, 0.4887221958468333, 0.5178523051034263, 0.5088239191540962, 0.5047241455297446, 0.5030489637943806, 0.5068378404880937, 0.5015320741661335, 0.5013390678704188, 0.4836864016337427, 0.48623698629934875, 0.49836748424650895, 0.4971372933097478, 0.47674273631885916, 0.4998153833126674, 0.4756221965926107, 0.49406048841708156, 0.4944057185726685, 0.485932367627372, 0.4821858457947762, 0.49645719006418887, 0.5071627248241707, 0.5022133562638268, 0.4846808424132623], "val_loss": [0.5905437940078923, 0.5236861555176413, 0.5063734616224582, 0.49861909125392934, 0.4664533576832559, 0.4582507184075133, 0.3954939911131378, 0.4250827121927782, 0.4417781605785898, 0.4392812138136763, 0.4222756791727198, 0.36927989390585836, 0.4244893261104122, 0.4228698153531662, 0.38918149349229286, 0.39567038818976263, 0.3686460513260714, 0.3854214291504858, 0.36838312760165276, 0.36224905072454033, 0.37224086997314143, 0.39630715108272274, 0.4058281051172766, 0.3576262489205327, 0.382683426290326, 0.4118779790879591, 0.35783326520221015, 0.3922430948338384, 0.3438533096285033, 0.36696767611190295, 0.36081491205894367, 0.3909192033459637, 0.3434851171496587, 0.3987962065299076, 0.35468283685672486, 0.35283729886805953, 0.3669653023922142, 0.37439506944332623, 0.3417432506056635, 0.37742210745790233, 0.38789145910762185, 0.34368092353665336, 0.3794511022992124, 0.42594706058698545, 0.33487783056919984, 0.34328532036913934, 0.36180553153857714, 0.34687765408837984, 0.3629460307780091, 0.34484320372194477, 0.35408000716875887, 0.3718016314953088, 0.32131628923388755, 0.36132795495270326, 0.3507820453821148, 0.3601757488916615, 0.34022592504421234, 0.3978541170835941, 0.3124717566001619, 0.3532447662626385, 0.3556818643072753, 0.3388307032671537, 0.3990924669462163, 0.3444352993898179, 0.3201329765119656, 0.3609942964396235, 0.3243931564966753, 0.35820779003378034, 0.3362483400493287, 0.36301837944587495, 0.3138972805836835, 0.2998367116157698, 0.3247427371154112, 0.3692125687627732, 0.336530182959029, 0.38137775818628933, 0.3816919621594908, 0.3713214324430385, 0.4262269469426794, 0.33897749473078126, 0.316044747500423, 0.34354581388291977, 0.3788694938179769, 0.3211339638439774, 0.332228836469469, 0.3239224711287119, 0.30503382341023483, 0.3109927627767444, 0.37963888075592744, 0.3673812259145166, 0.31782008393633143, 0.34618728222030926, 0.34561929586171, 0.34048285847131765, 0.3537780973944877, 0.32078847194095794, 0.35233468971045373, 0.3190589949523133, 0.3067192939956516, 0.32090399084358007], "train_acc": [0.6320754716981132, 0.7016731933072268, 0.7125311498754004, 0.7346030615877537, 0.7468850124599502, 0.7709149163403346, 0.7735849056603774, 0.7817728729085084, 0.7940548237807049, 0.7817728729085084, 0.7899608401566394, 0.7878248487006052, 0.7894268422926308, 0.7844428622285511, 0.7783908864364543, 0.795122819508722, 0.7830188679245284, 0.7913848344606622, 0.7817728729085084, 0.7890708437166252, 0.7864008543965824, 0.7842648629405482, 0.7926308294766821, 0.7874688501245996, 0.7993948024207903, 0.7896048415806337, 0.7890708437166252, 0.7910288358846564, 0.7947668209327162, 0.7970808116767533, 0.8034887860448559, 0.7942328230687077, 0.7988608045567818, 0.8004627981488074, 0.7995728017087932, 0.7947668209327162, 0.8063367746529014, 0.8050907796368815, 0.8040227839088644, 0.8008187967248132, 0.8050907796368815, 0.8001067995728017, 0.7979708081167676, 0.8029547881808473, 0.7986828052687789, 0.8049127803488786, 0.7988608045567818, 0.8036667853328586, 0.8084727661089356, 0.8066927732289071, 0.7969028123887505, 0.8004627981488074, 0.8058027767888929, 0.8104307582769669, 0.8058027767888929, 0.8102527589889641, 0.8154147383410466, 0.8036667853328586, 0.8093627625489498, 0.8027767888928444, 0.8081167675329298, 0.8180847276610893, 0.8097187611249556, 0.8013527945888217, 0.8107867568529726, 0.8228907084371663, 0.8098967604129583, 0.8097187611249556, 0.8065147739409042, 0.8093627625489498, 0.8077607689569242, 0.8095407618369527, 0.8113207547169812, 0.8074047703809185, 0.8107867568529726, 0.8195087219651122, 0.8082947668209327, 0.8154147383410466, 0.8031327874688501, 0.8129227483090068, 0.8147027411890353, 0.812566749733001, 0.8145247419010324, 0.817372730509078, 0.8086507653969384, 0.8164827340690637, 0.8152367390530438, 0.813812744749021, 0.8164827340690637, 0.8184407262370951, 0.8059807760768957, 0.8193307226771093, 0.8132787468850124, 0.8191527233891065, 0.8155927376290495, 0.8211107155571378, 0.819686721253115, 0.8129227483090068, 0.8097187611249556, 0.8216447134211463],