{
    "total_accuracy": 0.9715073529411765,
    "macro_avg": {
        "precision": 0.9700179473882229,
        "recall": 0.973847456209203,
        "f1-score": 0.9714576869514002,
        "support": 3264.0
    },
    "per_class": {
        "glioma": {
            "precision": 0.9942528735632183,
            "recall": 0.9341252699784017,
            "f1-score": 0.9632516703786191,
            "support": 926.0
        },
        "healthy": {
            "precision": 0.9501915708812261,
            "recall": 0.992,
            "f1-score": 0.9706457925636007,
            "support": 500.0
        },
        "meningioma": {
            "precision": 0.9479591836734694,
            "recall": 0.991462113127001,
            "f1-score": 0.9692227438706312,
            "support": 937.0
        },
        "pituitary": {
            "precision": 0.9876681614349776,
            "recall": 0.9778024417314095,
            "f1-score": 0.9827105409927496,
            "support": 901.0
        }
    }
}