{
    "test_accuracy": 0.8577524893314367,
    "class_metrics": {
        "glioma": {
            "precision": 0.8571428571428571,
            "recall": 0.8518518518518519,
            "f1-score": 0.8544891640866873,
            "support": 162.0
        },
        "healthy": {
            "precision": 0.8853211009174312,
            "recall": 0.965,
            "f1-score": 0.9234449760765551,
            "support": 200.0
        },
        "meningioma": {
            "precision": 0.7655172413793103,
            "recall": 0.6727272727272727,
            "f1-score": 0.7161290322580646,
            "support": 165.0
        },
        "pituitary": {
            "precision": 0.8994413407821229,
            "recall": 0.9147727272727273,
            "f1-score": 0.9070422535211268,
            "support": 176.0
        }
    },
    "macro_avg": {
        "precision": 0.8518556350554304,
        "recall": 0.8510879629629631,
        "f1-score": 0.8502763564856085,
        "support": 703.0
    },
    "weighted_avg": {
        "precision": 0.8542437892544366,
        "recall": 0.8577524893314367,
        "f1-score": 0.8547894263721955,
        "support": 703.0
    }
}