{"train_loss": [0.7993724814680133, 0.6678175469147604, 0.6642823893220113, 0.6130843028007091, 0.5837361422371041, 0.5234304239165108, 0.515914077286026, 0.5246577898180328, 0.5078661551081697, 0.49836335323509606, 0.5043779675032839, 0.49884376588687646, 0.4917694330427646, 0.4952547590093453, 0.4839054714873746, 0.49767441364869225, 0.490538255711729, 0.4976128079196065, 0.4849874194606677, 0.49244717944343136, 0.49107395127898396, 0.49627404293160116, 0.4784134054744146, 0.4750865466571779, 0.46389284821200005, 0.48646939284608814, 0.48837531690879327, 0.4759142590337226], "val_loss": [0.5329991186361367, 0.4987786190632062, 0.5321289905880251, 0.4301277234768256, 0.6245728281997888, 0.4084042611921954, 0.4079195080998956, 0.4070754328217262, 0.4575963716508232, 0.4338739899403689, 0.4097847331134852, 0.3688370453623625, 0.41220364319505515, 0.41461277455940543, 0.3810289041842321, 0.39290643599086, 0.3881886086912237, 0.36303692491475675, 0.36482871035140463, 0.36519465582747745, 0.37886499712227756, 0.3909040547992259, 0.40183707667339563, 0.3686303993915221, 0.39495614268671075, 0.3966408399520097, 0.38422142510485446, 0.4186715367714479], "train_acc": [0.6867212531149876, 0.7504449982200071, 0.7518689925240299, 0.763438946244215, 0.779814880740477, 0.8063367746529014, 0.8042007831968672, 0.8052687789248844, 0.8081167675329298, 0.8109647561409754, 0.8122107511569954, 0.8086507653969384, 0.8147027411890353, 0.8102527589889641, 0.8177287290850836, 0.8166607333570666, 0.8139907440370239, 0.8127447490210039, 0.8179067283730865, 0.8123887504449983, 0.8122107511569954, 0.8113207547169812, 0.8193307226771093, 0.8223567105731577, 0.8276966892132431, 0.8241367034531862, 0.817372730509078, 0.8209327162691349], "val_acc": [0.8048433048433048, 0.8133903133903134, 0.7806267806267806, 0.8418803418803419, 0.7478632478632479, 0.8304843304843305, 0.8376068376068376, 0.8361823361823362, 0.8148148148148148, 0.8176638176638177, 0.8319088319088319, 0.8561253561253561, 0.8347578347578347, 0.8290598290598291, 0.8461538461538461, 0.8347578347578347, 0.8361823361823362, 0.8490028490028491, 0.8490028490028491, 0.8504273504273504, 0.8504273504273504, 0.8404558404558404, 0.8290598290598291, 0.8475783475783476, 0.8319088319088319, 0.8404558404558404, 0.8390313390313391, 0.8190883190883191], "lr": [0.0009972609476841367, 0.0009890738003669028, 0.0009755282581475768, 0.0009567727288213003, 0.0009330127018922195, 9.69449285473888e-05, 9.341484965543161e-05, 8.944843960718524e-05, 8.50891552211629e-05, 8.03847577293368e-05, 7.538678949508584e-05, 7.015000930427653e-05, 6.47317924165461e-05, 5.919150194995135e-05, 5.358983848622455e-05, 4.798817502249774e-05, 4.244788455590295e-05, 3.702966766817255e-05, 3.179288747736325e-05, 2.6794919243112275e-05, 2.2090521751286164e-05, 1.773123736526385e-05, 1.3764827317017469e-05, 1.0234748425060284e-05, 7.179676972449079e-06, 4.6330849613334715e-06, 2.6228733866958847e-06, 1.1710665472118448e-06]}