{
    "test_accuracy": 0.8577524893314367,
    "class_metrics": {
        "glioma": {
            "precision": 0.8636363636363636,
            "recall": 0.8209876543209876,
            "f1-score": 0.8417721518987342,
            "support": 162.0
        },
        "healthy": {
            "precision": 0.8930232558139535,
            "recall": 0.96,
            "f1-score": 0.9253012048192771,
            "support": 200.0
        },
        "meningioma": {
            "precision": 0.7453416149068323,
            "recall": 0.7272727272727273,
            "f1-score": 0.7361963190184049,
            "support": 165.0
        },
        "pituitary": {
            "precision": 0.9132947976878613,
            "recall": 0.8977272727272727,
            "f1-score": 0.9054441260744985,
            "support": 176.0
        }
    },
    "macro_avg": {
        "precision": 0.8538240080112527,
        "recall": 0.8514969135802468,
        "f1-score": 0.8521784504527288,
        "support": 703.0
    },
    "weighted_avg": {
        "precision": 0.8566642858102028,
        "recall": 0.8577524893314367,
        "f1-score": 0.856696854052061,
        "support": 703.0
    }
}