{"train_loss": [0.8957416432402066, 0.7554148954931804, 0.7353250906852777, 0.6853736103132723, 0.6735514203672012, 0.6034580165591262, 0.6024025230910185, 0.5828178841985389, 0.5710098249350378, 0.5830712148560965, 0.5645272717033684, 0.5594356242619023, 0.5656698032890023, 0.5725201760409098, 0.5712686730804033, 0.5580171554081802, 0.5754905985041673, 0.5646151885438024, 0.5681867969496558, 0.5552165598239539, 0.5645969499999325, 0.568118012961479, 0.5500895687484707, 0.5377551537629081, 0.5408876822825724, 0.5554700191969887, 0.5564544885321502, 0.5462894427177956, 0.5396914432357749, 0.5402700261697942, 0.5278946853439423, 0.5500085211444172, 0.5315366913602632, 0.5417524453858626, 0.536367489709978, 0.5230318936759698, 0.5279663385509723, 0.5410055706788739, 0.5205967899911893], "val_loss": [0.5905437940078923, 0.49005100440945043, 0.5373528454229872, 0.49140301777681394, 0.43688284403026273, 0.45471670728261737, 0.40111405264448236, 0.42405191072106274, 0.43770103561997076, 0.43772917190975275, 0.42232724676370365, 0.3680563911562122, 0.41947014210082356, 0.42824746915630124, 0.38852784965728593, 0.4035970361457549, 0.37048406716425536, 0.37924206118096737, 0.36973999666734636, 0.3589775838393007, 0.3718291197099492, 0.3962318384542297, 0.408620736447622, 0.3626899668851342, 0.3924674776666652, 0.40669916848256715, 0.35723135056520716, 0.39621034916224984, 0.3467140603661962, 0.361756246980078, 0.36569076911028886, 0.41066125844156853, 0.34913965172407635, 0.39041079956762215, 0.3644410740170214, 0.3576560458274521, 0.36056061399214373, 0.38004707815682787, 0.3555622486015543], "train_acc": [0.6320754716981132, 0.7004271982912068, 0.7184051263794945, 0.7372730509077964, 0.7481310074759701, 0.7677109291562834, 0.7696689213243147, 0.7826628693485226, 0.7892488430046279, 0.7831968672125311, 0.7883588465646137, 0.7864008543965824, 0.7880028479886081, 0.7858668565325738, 0.7769668921324314, 0.7926308294766821, 0.7794588821644713, 0.7887148451406194, 0.7807048771804913, 0.790316838732645, 0.7887148451406194, 0.7803488786044855, 0.7954788180847276, 0.7892488430046279, 0.7936988252046991, 0.7892488430046279, 0.786934852260591, 0.7926308294766821, 0.7933428266286935, 0.7960128159487362, 0.8054467782128871, 0.7910288358846564, 0.8001067995728017, 0.8027767888928444, 0.7993948024207903, 0.7961908152367391, 0.8045567817728729, 0.8009967960128159, 0.8002847988608045], "val_acc": [0.7649572649572649, 0.8219373219373219, 0.782051282051282, 0.8048433048433048, 0.8262108262108262, 0.8190883190883191, 0.8433048433048433, 0.8390313390313391, 0.8162393162393162, 0.8219373219373219, 0.8290598290598291, 0.8547008547008547, 0.8276353276353277, 0.8176638176638177, 0.8518518518518519, 0.8475783475783476, 0.8447293447293447, 0.8447293447293447, 0.8561253561253561, 0.8518518518518519, 0.8475783475783476, 0.8447293447293447, 0.8347578347578347, 0.8504273504273504, 0.8475783475783476, 0.8290598290598291, 0.8490028490028491, 0.8390313390313391, 0.8575498575498576, 0.8575498575498576, 0.8589743589743589, 0.8319088319088319, 0.8618233618233618, 0.8575498575498576, 0.8589743589743589, 0.8518518518518519, 0.8504273504273504, 0.8361823361823362, 0.8547008547008547], "lr": [0.0009993147673772868, 0.0009972609476841365, 0.0009938441702975688, 0.0009890738003669028, 0.0009829629131445341, 9.92436484736567e-05, 9.835469887218876e-05, 9.73355877446637e-05, 9.618910840384452e-05, 9.49184032699136e-05, 9.352695525731739e-05, 9.201857822834009e-05, 9.03974065395721e-05, 8.866788370992607e-05, 8.683475024126042e-05, 8.49030306249932e-05, 8.287801957032044e-05, 8.076526749178616e-05, 7.857056529598206e-05, 7.629992850907495e-05, 7.395958078866772e-05, 7.155593686518644e-05, 6.90955849595501e-05, 6.65852687253151e-05, 6.403186876478954e-05, 6.144238376978057e-05, 5.882391133866663e-05, 5.618362852237358e-05, 5.352877215257708e-05, 5.0866619006049974e-05, 4.820446585952285e-05, 4.5549609489726355e-05, 4.29093266734333e-05, 4.029085424231934e-05, 3.7701369247310385e-05, 3.514796928678483e-05, 3.2637653052549835e-05, 3.017730114691351e-05, 2.777365722343221e-05]}