{
    "total_accuracy": 0.7009803921568627,
    "total_precision": 0.7146762724225474,
    "total_recall": 0.7009803921568627,
    "total_f1_score": 0.703743720898224,
    "per_class_metrics": {
        "glioma": {
            "precision": 0.6958710976837865,
            "recall": 0.7462203023758099,
            "f1-score": 0.720166753517457,
            "support": 926.0
        },
        "healthy": {
            "precision": 0.7547169811320755,
            "recall": 0.64,
            "f1-score": 0.6926406926406926,
            "support": 500.0
        },
        "meningioma": {
            "precision": 0.5898366606170599,
            "recall": 0.6937033084311632,
            "f1-score": 0.6375674350171653,
            "support": 937.0
        },
        "pituitary": {
            "precision": 0.8416107382550335,
            "recall": 0.6958934517203108,
            "f1-score": 0.7618469015795869,
            "support": 901.0
        }
    }
}